chumichelle1011@gmail.com, Chu Hiu Ying (Michelle), F, 2002-10-11
lai20011109@yahoo.com, Lai Lok Tin, M, 2001-11-09
beastdjy@gmail.com, Sze Hiu Ping (Krystal), F, 2002-10-21
dashbaby2711@gmail.com, Wong Ho Yin (Dash), M, 2002-11-27
wongchunkit990@gmail.com, Wong Chun Kit, M, 2001-12-25
kongwai2002@yahoo.com, Leung Kong Wai (Eric), M, 2002-02-01
kingtsunlam1202@gmail.com, Lam King Tsun (Alex), M, 2001-12-02
eltisau@live.hk, Au Kei Yin (Eltis), M, 2002-07-08
yanwong104@gmail.com, Wong Man Yan, F, 2002-10-04
RaingRaing.RR@gmail.com, Leung Pui Kwan, F, 2002-03-08
HarryChing8995@gmail.com, Ching Ching Hei, M, 2002-12-18
2336788950@qq.com, Chan Wing Yin, M, 2002-02-14
percychan330@gmail.com, Chan Pui Ha, F, 2002-03-30
cheriewaiwai@gmail.com, Leung Tsz Wai, F, 2002-08-21
leochau02@yahoomail.com.hk, Chau King Ching, M, 2002-03-02
linghoili@gmail.com, Li Hoi Ling, F, 2002-02-14
Peter76317458peter@gmail.com, Lam Tsz Kwan, M, 2002-09-17
Adamstam1819@gmail.com, Tam Shun Ho, M, 2002-07-26
fankitwah2016@gmail.com, Fan Kit Wah, F, 2002-12-09
liyu7ing@gmail.com, Li Yuqing, F, 2001-01-23
psychan12@gmail.com, Chan Yik Hin, M, 2002-03-10
asd1234to1@gmail.com, Ng Kai Kai, F, 2002-07-07
cccccc1207368@gmail.com, Lee Ting Lam, F, 2002-04-22
yingngasin@gmail.com, Sin Ying Nga, F, 2002-06-20
sbbgcsf@gmail.com, Siu Fung (Frankie), M, 2002-05-10
1527662425@qq.com, Wu Ka Tung, M, 2001-11-22
yyh.zking@foxmail.com, Ye Yongheng (Austin), M, 2000-10-09
1564152017@qq.com, Cai Jia Yu, F, 2001-05-31
jasontam@gmail.com, Tam Wa Kit (Kit), M, 2002-04-04
zhongkaixuan63552536@gmail.com, Zhong Kai Xuan (Emily), F, 1999-02-06
p13593minecraft@gmail.com, Chan Ting Chun, M, 2001-09-11
vickysin@hotmail.com.tw, Sin Wai Ki, F, 2002-07-16
chanyankieron@gmail.com, Chan Yan Ki (Eron), M, 2002-08-21
hiroki9981@gmail.com, Matsumoto Hiroki, M, 2001-08-11
tsuidongdong1104@gmail.com, Tsui Hei Tung, F, 2002-11-04
2467113011@qq.com, Lai Zhuoyan (Joaen), F, 2000-08-08
ricky123@email.com, Leung Siu Nin (Ricky), M, 2002-03-13
happyxdd31@gmail.com, Cheng Ho Lam (Brian), M, 2001-11-03
sohosang1095@gmail.com, So Ho Sang, M, 2002-06-11
charmingshum@hotmail.com, Shum Pui Ching, F, 2002-08-17
candys021102@gmail.com, Candy Chan, F, 2002-11-02
yanisfan.12@gmail.com, Fan Kit Yee, F, 2002-12-09
philphilip06@yahoo.com, Philip Liu, M, 2002-10-06
chinchung67@gmail.com, Lau Chin Chung, F, 2002-10-22
cmknicola205@gmail.com, Chong Man Ka (Nicola), F, 2002-02-05
974593460@qq.com, Yu Sing Kai, M, 2000-11-28
hoiyee888cheung@gmail.com, Cheung Hoi Yee, F, 2002-01-11
chongyuk2105.cc@gmail.com, Yiu Kit Na (Tina), F, 2002-01-28
leungsummei@gmail.com, Leung Sum Mei, F, 2001-12-12
chrischeung06@goggle.com, Cheung Ching Yeung (Chris), M, 2002-11-23
wym148148@yahoo.com, Ngai Ching Wai (Jerry), M, 2002-10-04
yungchuncheung@gmail.com, Yung Chun Cheung (Tom), M, 2002-02-15
tammy1632yyc@gmail.com, Yung Yuen Ching (Tammy), F, 2002-01-25
huiheiman703@yahoo.com, Hui Hei Man, F, 2001-07-03
chenglam02@gmail.com, Cheng Lam, F, 2002-04-28
lai174490@hotmail.com.hk, Lai Yin Lum (Milk), M, 1999-12-11
paul34945678@gmail.com, Tsui Ho Ming, M, 2001-12-26
annayu582@gmail.com, Yu Man Sze, F, 2002-11-14
1363146642@qq.com, Huang Xingyou, M, 2001-10-08
hingka030@gmail.com, Chong Ka Hing (Thomas), M, 2000-11-10
a29676@yahoo.com, Chan Chin Hei, M, 2001-09-03
likowksing3802@gmail.com, Li Kwok Sing, M, 2002-02-02
rachelkwonghkreal@gmail.com, Kwong Tsz Ching (Rachel), F, 2002-01-28
hsuedmond1112@yahoo.com, Hsu Chun Yuet (Louie), M, 2000-11-12
leungnokhin619@yahoo.com.hk, Leung Nok Hin, M, 2002-06-19
rio12345@yahoo.com.tw, Li Lap Yip, M, 2002-10-15
eheddie90@gmail.com, Chan Hok Him, M, 2002-03-13
mabelyip1001@gmail.com, Mabel Yip, F, 2000-10-01
chengwingman389@gmail.com, Cheng Wing Man, F, 2001-08-01
yehonsum@gmail.com, Yeh On Sum, F, 2001-02-19
jasonpang0730@gmail.com, Pang Ka Lok (Jason), M, 2002-07-30
chingpanfu@yahoo.com, Fu Ching Pan, M, 2002-08-22
ksgnsora@gmail.com, Mo Ya Shi (Jinx), F, 2000-11-26
eric0234lin@gmail.com, Lin Ka Chun, M, 2001-03-24
leechifai13@gmail.com, Lee Chi Fai, M, 2002-04-06
bosco333000@gmail.com, Yung Ching Tin (Bosco), M, 2001-09-30
chiuho1234@hotmail.com, Chiu Ho, M, 2001-03-11
www.peter4@hotmail.com, Chan Tsun Yin, M, 2000-11-24
tommy01001@gmail.com, Keung Ka Chun, M, 2001-01-10
royli13881@yahoo.com.hk, Li Lap Fu, M, 2002-10-15
kenny51711222@gmail.com, Chow Chun Yin, M, 2001-12-22
wongpak2510@yahoo.com.hk, Wong Pak Kwan, M, 2002-04-27
kellyngo2002820@gmail.com, Ngo Tsz Yan, F, 2002-08-20
kenyip1204.k.y@gmail.com, Yip Kan Shing, M, 2002-12-04
18240275598@qq.com, Wong Nga Lai (Lily), F, 2001-04-29
chloetam1231@yahoo.com.hk, Tam Hei Man, F, 2000-12-31
eunis.yung@gmail.com, Yung Hoi Wei, F, 2002-08-01
lihoting0407@yahoo.com.hk, Li Ho Ting, F, 2001-04-07
297413120jenny@gmail.com, Fung Yuen Ching (Jenny), F, 2000-12-08
ngsiulung2@gmail.com, Ng Siu Lung, M, 2000-09-25
cdoor18@gmail.com, Chan Chi Kin, M, 2002-03-18