sofaname16@gmail.com, So Ka Hei, F, 2002-12-22
chiuwaihui@yahoo.com.hk, Hui Chiu Wai, M, 2002-04-06
wonglokki0613@gmail.com, Wong Lok Ki, M, 2002-06-13
Kwokhoichingkirsty@gmail.com, Kwok Hoi Ching, F, 2002-04-14
powkawing@gmail.com, Pow Ka Wing, F, 2002-02-17
hoiting011231@gmail.com, Chung Hoi Ting, F, 2001-12-31
bryancheung0103@gmail.com, Cheung Jin Ning, M, 2002-01-03
k.benny445@gmail.com, Tan Yong Jian, M, 2001-08-07
aspcpspo8122@gmail.com, Fung Lok Yin, M, 2002-10-19
ansonlau_0131@yahoo.com, Lau Chun Kin Anson, M, 2002-01-31
yeunghotin@gmail.com, Yeung Ho tin, M, 2002-01-22
stevenyeung85@gmail.com, Yeung Chun Hang, M, 2002-07-21
wongyaushing_510@yahoo.com.hk, Wong Yau Shing, M, 2002-10-05
kammeyeung1203@gmail.com, Yeung Kam Ching, F, 2002-12-03
yhoyose@gmail.com, Yau Sze Ho, F, 2002-08-15
tsekayan10@gmail.com, Tse Ka Yan, F, 2002-02-08
jingsely@gmail.com, Lam Yim, F, 2001-08-13
kellylau2002822@yahoo.com.hk, Lau Ching Lam, F, 2002-08-22
marcella20315@gmail.com, Li Wing Lam (Marcella), F, 2002-03-15
suki0817@gmail.com, Cheung Wing Tung (Suki), F, 2002-08-17
laiwaikin2014@gmail.com, Lai Wai Kin (Kenny), M, 2002-03-09
cheukyuen12@gmail.com, Chan Cheuk Yuen (John), M, 2002-01-21
liuchingchun2002@gmail.com, Liu Ching Chun (Steven), M, 2002-10-02
dixonchau20020407@gmail.com, Chau Tak Shing, M, 2002-04-07
soyuhim@gmail.com, So Yu Him, M, 2002-12-27
krystaltsoi26@gmail.com, Tsoi Hang Ki, F, 2002-10-26
kellywong2002@yahoo.com.hk, Wong Wai Yan, F, 2002-12-24
titusng12@yahoo.com.hk, Ng Tsz Kin, M, 2002-03-01
kwanpaktim96@gmail.com, Kwan Pak Tim, M, 2002-06-24
ngkalam828@gmail.com, Ng Ka Lam, F, 2001-08-28
thomaslao11@yahoo.com.hk, Lao King Chun, M, 2002-06-17
leungwilson2002@gmail.com, Leung Yat Shing, M, 2002-10-12
rckh0203@gmail.com, Chan Kwai Ho, M, 2002-02-03
synnove.choy@gmail.com, Choy Hau Wun (Synnove), F, 2001-12-28
gordon.chanchito@gmail.com, Chan Chi To (Toto), M, 2002-5-4
kayancheng09@gmail.com, Cheng Ka Yan, F, 2002-9-26
cheukhinng3046@yahoo.com.hk, Ng Cheuk Hin (Hin), M, 2002-11-19
andrewtang28at@gmail.com, Tang Ming Ho (Andrew), M, 2002-10-5
foreverlove7698@gmail.com,Wong Chun lok,M,2002-08-11