colina.sc68@yahoo.com.hk,Siu Sui Hing ,F,1999-01-01
s1125186@s.eduhk.hk,Chan Yi Nga,F,1999-01-01
s1125121@s.eduhk.hk,Tsui Hoi Yip,M,1999-01-01
s1123284@s.eduhk.hk,Lin Qiutong,F,1999-01-01
hcliaf@connect.ust.hk,Li Ho Ching,F,1999-01-01
pcyipaa@connect.ust.hk,Yip Pui Ching,F,1999-01-01
ekwong@connect.ust.hk,Kwong Enoch,M,1999-01-01
Kypoonab@connect.ust.hk,Poon Kee Yeng,F,1999-01-01
kgchow@connect.ust.hk,Chow Karina Gabrielle,F,1999-01-01
mychanaq@connect.ust.hk,Chan Ming Yin,M,1999-01-01
rtongab@connect.ust.hk,Tong Ruochen,F,1999-01-01
slchowab@connect.ust.hk,Chow Suet Ling,F,1999-01-01
hyleungas@connect.ust.hk,Leung Hoi Ying,F,1999-01-01
cflamah@connect.ust.hk,Lam Chung Fai,M,1999-01-01
rzhangbd@connect.ust.hk,Zhang Runze,M,1999-01-01
jheoaa@connect.ust.hk,Heo Jiwon,F,1999-01-01
ewongaa@connect.ust.hk,Wong Enoch,M,1999-01-01
swflo@connect.ust.hk,Lo Sonia Wing Fung,F,1999-01-01
mylamah@connect.ust.hk,Lam Man Yee,F,1999-01-01
spjchan@commect.ist.hk,Chan Sze Pui Jenny,F,1999-01-01
chpwong@connect.ust.hk,Wong Cho Hin Peter,M,1999-01-01
clibs@connect.ust.hk,Li Ching,M,1999-01-01
wcchanaq@connect.ust.hk,Chan Wang Chun,M,1999-01-01
chyuaf@connect.ust.hk,Yu Chun Hang,F,1999-01-01
wclamag@connect.ust.hk,Lam Wing Chi,F,1999-01-01
wcchanao@connect.ust.hk,Chan Wing Chun,M,1999-01-01
wlmakab@connect.ust.hk,Mak Wing Lam,F,1999-01-01
wyyipaa@connect.ust.hk,Yip Wun Yan,F,1999-01-01
ylleeai@connect.ust.hk,Lee Yat Long,M,1999-01-01
htleungal@connect.ust.hk,Leung Hei Ting,F,1999-01-01
hlwongao@connect.ust.hk,Wong Hoi Laam,M,1999-01-01
jonathanleung1999@gmail.com,Leung Pok Man,M,1999-01-01
myrmidonk@gmail.com,Kangara Kuterera,F,1999-01-01
kong.chunyan@yahoo.com.hk,Kong Chun Yan,F,1999-01-01
Janicelee619@yahoo.com.hk,Lee Tsz Ying ,F,1999-01-01
shd11061@shd.edu.hk,Lau Sze Wai,F,1999-01-01
hoiyanchan0623@gmail.com,Chan Hoi Yan,F,1999-01-01
marjoriechanxdd@gmail.com,Chan Tsz Ching,F,1999-01-01
1155110972@link.cuhk.edu.hk,Leung Ka Chun,M,1999-01-01
sandylamsinyu@gmail.com,Lam Sin Yu ,F,1999-01-01
derekwong1998@gmail.com,Wong Tik Hong ,M ,1999-01-01
lipuiyux@gmail.com,Li Pui Yu,F,1999-01-01
chiuns1031@gmail.com,Chiu Nga Sze,F,1999-01-01
bellayeung59@gmail.com,Yeung Sum Yu,F,1999-01-01
lokpui68@gmail.com,Lo Lok Pui,F,1999-01-01
sl2541614@gmail.com,Lee Ka Hin ,M,1999-01-01
lokpui68@gmail.com,Ip Tsing Sum,M,1999-01-01
1155110967@link.cuhk.edu.hk,Lam Ka Kiu ,M,1999-01-01
kccheungalex@yahoo.com.hk,Cheung Kai Chun,M,1999-01-01
1155078285@link.cuhk.edu.hk,Tse Oi Lam Irene,F,1999-01-01
yoyolau.hihi@yahoo.com.hk,Lau Hong Yiu,F,1999-01-01
ronaldsykwok@gmail.com,Kwok Sheung Yin ,M ,1999-01-01
yikshingjack@gmail.com,Lam Yik Shing Jack ,M ,1999-01-01
sinyu425@gmail.com,Chan Sin Yu,F,1999-01-01
akhaleed@hku.hk,Abdul Khaleed,M,1999-01-01
aukwanyiu2909@gmail.com,Au Kwan Yiu (Tommy),M,1999-01-01
scchriz@hku.hk,Chan Hiu Fai (Chris),M,1999-01-01
u3537875@hku.hk,Chan Yan Ting (Lala),F,1999-01-01
pchanth@hku.hk,Chan Tsz Ho (Philip),M,1999-01-01
ceciliachang91@gmail.com,Chang Chui Chi (Cecilia),F,1999-01-01
chengnichole99@gmail.com,Cheng Nichole Asley,F,1999-01-01
chiuchiu008@yahoo.com.hk,Chiu Wing Ying (Joyce),F,1999-01-01
choymanying@gmail.com,Choy Man Ying (Belle),F,1999-01-01
u3545276@connect.hku.hk,Chung Ka Ying (Teresa),F,1999-01-01
amyfok@hku.hk,Fok Wai Ting (Amy),F,1999-01-01
fongcw@hku.hk,Fong Chun Wah (Lucas),M,1999-01-01
hylho@hku.hk,Ho Yik Lung (Rex),M,1999-01-01
ryanwyho@gmail.com,Ho Wai Yiu Ryan,M,1999-01-01
yunha0902@gmail.com,Jeong Yun Ha,F,1999-01-01
lamhoilinglhl@gmail.com,Lam Hoi Ling (Kathy),F,1999-01-01
karenlhc@hku.hk,Lee Hiu Ching (Karen),F,1999-01-01
vlee9598@connect.hku.hk,Lee Vanessa Wing Kai ,F,1999-01-01
anailuj@connect.hku.hk,Leung Yuk Wai (Juliana),F,1999-01-01
u3548400@hku.hk,Li Long Hin (Adi),M,1999-01-01
ronli22@hku.hk,Li Hang Long (Ron),M,1999-01-01
u3527097@hku.hk,Li Yik Sum (Yalsin),M,1999-01-01
keliyuch@gmail.com,Li Yung Chun (Kelly),F,1999-01-01
ashley12@hku.hk,Ling On Chit (Ashley),F,1999-01-01
u3538277@hku.hk,Lui Yee Sum (Eddie),M,1999-01-01
lui0801@hku.hk,Lui Jovita,F,1999-01-01
homing828@gmail.com,Lui Ho Ming (Alvis),M,1999-01-01
enochnyn@hku.hk,Ng Yee Nok (Enoch),M,1999-01-01
tsatang@hku.hk,Tang Tsz So Acacia,F,1999-01-01
u3537752@hku.hk,Tse Chit Hei Jordan,M,1999-01-01
jackytch@connect.hku.hk,Tse Chun Hei (Jacky),M,1999-01-01
u3537153@hku.hk,Wong Tsz Fung Mike,M,1999-01-01
anthonywong715@gmail.com,Wong Pui Kwan Anthony,M,1999-01-01
shirleywong88a@yahoo.com.hk,Wong Yuen Shan (Shirley),F,1999-01-01
u3549024@connect.hku.hk,Wong Kit Long,M,1999-01-01
cheeyyam@yahoo.com.hk,Yam Sin Yi (Sammy),F,1999-01-01
kennyyeung1999@gmail.com,Yeung Wai In Kenny,M,1999-01-01
u3546790@hku.hk,Yiu To Chung Martin,M,1999-01-01
yinyu0123@yahoo.com,Yu Ho Yin (Elvis),M,1999-01-01
tszkityeung2@ln.hk,Yeung Tsz Kit Matt,M,1999-01-01
kachingchoi@ln.hk,Choi Ka Ching (Mike),M,1999-01-01
waikwanli2@ln.hk,Li Wai Kwan,M,1999-01-01
patrickchan2@ln.hk,Chan Patrick,M,1999-01-01
kwanhofaiian@gmail.com,Kwan Ho Fai,M,1999-01-01
yiktolew@ln.edu.hk,Lew Yik To,M,1999-01-01
chingngowai@ln.edu.hk,Wai Ching Ngo,M,1999-01-01
tsunhinfok@ln.hk,Fok Tsun Hin,M,1999-01-01
hinlamwong@ln.hk,Wong Hin Lam (Chloe),F,1999-01-01
shukhanlo@ln.hk,Lo Shuk Han,F,1999-01-01
leemancheung@ln.hk,Cheung Lee Man,F,1999-01-01
tszyanhung@ln.hk,Hung Tsz Yan,F,1999-01-01
tszmanlo@ln.hk,Lo Tsz Man,F,1999-01-01
christiechan109@yahoo.com.hk,Chan Tsz Wai Christie,F,1999-01-01
tszyanng9@ln.hk,Ng Tsz Yan,F,1999-01-01
sintingchoi@ln.hk,Choi Sin Ting ,F,1999-01-01
lokyinwong2@ln.hk,Wong Lok Yin ,F,1999-01-01
pakyichiu@ln.hk,Chiu Pak Yi (Janet),F,1999-01-01
puikichan2@ln.hk,Chan Pui Ki (Hera),F,1999-01-01
elvielam@ln.hk,Lam Pei Hang Elvie,F,1999-01-01
kalaichan3@ln.hk,Chan Ka Lai,F,1999-01-01
kathleen011503@gmail.com,Chen Xiao Ting,F,1999-01-01
tsztinglau@ln.hk,Lau Tsz Ting,F,1999-01-01
laimanleung3@ln.hk,Leung Lai Man,F,1999-01-01
laikiwu@ln.edu.hk,Wu Lai Ki,F,1999-01-01
yuenmanwong7@ln.hk,Wong Yuen Man,F,1999-01-01
kayingchu@ln.hk,Chu Ka Ying,F,1999-01-01
hodychow98@gmail.com,Chow Dik Yiu Hody,F,1999-01-01
yikkiulee2@gmail.com,Lee Yik Kiu,F,1999-01-01
laiyingau@ln.edu.hk,Au Lai Ying,F,1999-01-01
kwantungchan@ln.hk,Chan Kwan Tung,F,1999-01-01
chingyichan8@ln.hk,Chan Ching Yi Karie,F,1999-01-01
hoiyinglee3@ln.hk,Lee Hoi Ying (Gobby),F,1999-01-01
sauhingchiu@ln.edu.hk,Chiu Sau Hing ,F,1999-01-01
sauchuncheng2@ln.hk,Cheng Sau Chun,F,1999-01-01
candyng1026@gmail.com,Ng Tsz Tung,F,1999-01-01
jeshlynhooo@gmail.com,He Jian Lei (Jeshlyn),F,1999-01-01
tsoiwingwong@Ln.hk,Wong Tsoi Wing,F,1999-01-01
tszyinglo@ln.hk,Lo Tsz Ying Connie,F,1999-01-01
tszyingchow2@ln.edu.hk,Chow Tsz Ying,F,1999-01-01
