
calvin9172003@hotmail.com,Cheung Ching Fung,M,1999-01-01
s1123442@s.eduhk.hk,Lai Ka Lo (Carol),F,1999-01-01
s1117621@s.eduhk.hk,Tsang Sin Yi (Sindy),F,1999-01-01
s1113206@s.eduhk.hk,Chan Hiu Kei,F,1999-01-01
s1115985@s.eduhk.hk,Chan Ho Yam (Ken),M,1999-01-01
wkwongao@connect.ust.hk,Wong Wan Kai (Jacky),M,1999-01-01
tylaiae@connect.ust.hk,Lai Tin Yat (Marco),M,1999-01-01
wsyam@connect.ust.hk,Yam Wing Shing (Vincent),M,1999-01-01
swfungaa@ust.hk,Fung Sze Wai (Eunice),F,1999-01-01
ccyeungae@connect.ust.hk,Yeung Chi Chung (Kenny),M,1999-01-01
mylamad@connect.ust.hk,Lam Man Yu (Anthony),M,1999-01-01
ypngan@connect.ust.hk,Ngan Yip Pan (Sheldon),M,1999-01-01
khtlam@connect.ust.hk,Lam Ka Hin Terry,M,1999-01-01
ibce.trainchan@gmail.com,Chan Sing Tok (Thomas),M,1999-01-01
emanho@hotmail.com,Choi Man Ho (Edward),M,1999-01-01
garykwok97n@gmail.com,Kwok Tung Lam (Gary),M,1999-01-01
hopanbl@gmail.com,Li Ho Pan (Ben),M,1999-01-01
martin19960803@hotmail.com,Ma Ming Kit,M,1999-01-01
arenasmang@link.cuhk.edu.hk,Mang Chek Yuen Arenas,M,1999-01-01
pukjoyce@gmail.com,Puk Yee Ting (Joyce),F,1999-01-01
key_203@hotmail.com,Yeung Ka Hin (Eddy),M,1999-01-01
hiublueying@gmail.com,Ying Hiu Lam (Blue),F,1999-01-01
huangby@hku.hk,Huang Biying (Betty),F,1999-01-01
johnson19970423@gmail.com,Lam Wing Hei (Johnson),M,1999-01-01
awongsho@hku.hk,Wong Sze Ho (Ambrose),M,1999-01-01
enochkohiulok@gmail.com,Ko Hiu Lok (Enoch),M,1999-01-01
u3528678@connect.hku.hk,Chan Kin Shing (Kayson),M,1999-01-01
ykwyuen@connect.hku.hk,Yuen Ka Wai Sarina ,F,1999-01-01
chaksumh@hku.hk,Ho Chak Sum (Chak),M,1999-01-01
akw021@gmail.com,Leung Amanda Ka Wing,F,1999-01-01
rachel97@hku.hk,Lai Chi Kwan Rachel,F,1999-01-01
ptyan_judy@yahoo.com.hk,Pang Tsz Yan,F,1999-01-01
15943038@life.hkbu.edu.hk,Leun  Ka Lee (Jasmine),F,1999-01-01
14250276@life.hkbu.edu.hk,Chen Wanqing (Miranda),F,1999-01-01
leungkelly@yahoo.com,Leung Sin Ling (Kelly),F,1999-01-01
15223701@life.hkbu.edu.hk,Ho Chung Hei (Jaime),F,1999-01-01
wingyin.sit@gmail.com,Sit Wing Yin (Matthew),M,1999-01-01
yiuszekwan@gmail.com,Yiu Sze Kwan,F,1999-01-01
katesy023@gmail.com,Au Yeung Siu Ying (Kate),F,1999-01-01
hiutungchan6@ln.hk,Chan Hiu Tung (Da),F,1999-01-01
csyan222@gmail.com,Chen Sze Yan (Cyan),F,1999-01-01
puihingchen@ln.hk,Chen Pui Hing,M,1999-01-01
lyuenfan@yahoo.com.hk,Leung Yuen Fan (Queenie),F,1999-01-01
wingsing@ln.hk,Ng Wing Si (Wincy),F,1999-01-01
kwankinpun@ln.hk,Pun Kwan Kin (Poon),M,1999-01-01
kapowong6@ln.hk,Wong Ka Po (Angela),F,1999-01-01
hofungwong@ln.hk,Wong Ho Fung (Fung),M,1999-01-01
cheukyingyeung@ln.hk,Yeung Cheuk Ying (Minnie),F,1999-01-01
