14002@clsnp.net, Ng Ming Lai Kelly, F, 2002-04-03
14020@clsnp.net, Ng Ming Yu, F, 2000-08-08
kingzhu.hk@gmail.com, Lu Wenzhu Hanson, M, 2001-01-02
leungkayu0219@gmail.com, Leung Ka Yu Kristen, F, 2001-02-19
1264325183@qq.com, Wong Ho Yan, F, 1997-10-28
junhao20000225@gmail.com, Liu Kwan Ho, M, 2000-02-25
ckh1314l@gmail.com, Cheng Ka Ho Alan, M, 2001-01-08
chowngayan.nyc@gmail.com, Chow Nga Yan Olivia, F, 2000-03-07
16050@clsnp.net, Yu Tingting Carol, F, 2002-01-10
nathanhuiyl@gmail.com, Hui Yeuk Lai Nathan, M, 1999-01-27
15010@clsnp.net, Ng Ka Hung William, M, 1999-07-13
16056@clsnp.net, Tang Hoi To Lucas, M, 2002-05-04
szeyukfai1@gmail.com, Sze Yuk Fai Owen, M, 1999-05-14
fonghauyiada@gmail.com, Fong Hau Yi, F, 1999-03-29
a3078704096@gmail.com, Che Yong Yi Jack, M, 1999-12-04
katiechan222@yahoo.com, Chan Chi Kie Katie, F, 2002-07-11
frankieif22@gmail.com, Lam Pui Ki Frankie, M, 2000-09-14
tsangyuikwong@gmail.com, Tsang Yui Kwong Bob, M, 1998-06-16
tina.tktam@gmail.com, Tam Tax Ki Tina, F, 2001-05-10
rocky2001lam@gmail.com, Lam Lok Kei Rocky, M, 2001-04-19
s12018@clsnp.edu.net, Xu Wei Chi Chris, M, 2000-01-05
hillman.imail@gmail.com, Leung Ka Yu Hillman, M, 2000-08-05
1196947377@qq.com, Sophie Liu, F, 2000-08-02
kathytsoi711@gmail.com, Tsoi Ming Kwai, F, 1999-11-20
angeltang47@ymail.com, Tang Man Yin Angel, F, 2000-09-27
54paulette@gmail.com, Liang Wan Ying Rudia, F, 1999-04-09
glitter1448@gmail.com, Chen Mei Yi Kiki, F, 2001-02-26
ddzmikoto@gmail.com, To Tak Chi Ace, M, 1999-01-28
tiff19962099@gmail.com, Yeung Wing Tan, M, 2000-06-24
1348231193@qq.com, Zheng Qing, F, 1999-04-19
hwqe14@yahoo.com.hk, Cheng Chun Hei, M, 1999-09-29 
12019@clsnp.net, Yau Chun Ting, M, 2000-03-13
yukchan991226@gmail.com, Chen Mei Yuk, F, 1999-12-26
shirleysit04@gmail.com, Sit Siu Siu, F, 1999-04-18 